{
  "id": "custom_template",
  "name": "自定义模板",
  "background": {
    "type": "solid",
    "color": "#f5f5f5"
  },
  "theme": {
    "themeColors": ["#409EFF", "#67C23A", "#E6A23C", "#F56C6C", "#909399", "#303133"],
    "fontColor": "#333333",
    "fontName": "",
    "backgroundColor": "#f5f5f5",
    "shadow": {
      "h": 3,
      "v": 3,
      "blur": 2,
      "color": "#808080"
    },
    "outline": {
      "width": 2,
      "color": "#525252",
      "style": "solid"
    }
  },
  "slides": [
    {
      "id": "slide_001",
      "elements": [
        {
          "id": "element_001",
          "type": "text",
          "content": "<p style='text-align: center; font-size: 60px; font-weight: bold;'>自定义模板标题</p>",
          "left": 100,
          "top": 150,
          "width": 600,
          "height": 100,
          "rotate": 0,
          "defaultFontName": "",
          "defaultColor": "#333333"
        },
        {
          "id": "element_002",
          "type": "text",
          "content": "<p style='text-align: center; font-size: 24px;'>这是一个演示文稿模板</p>",
          "left": 100,
          "top": 260,
          "width": 600,
          "height": 50,
          "rotate": 0,
          "defaultFontName": "",
          "defaultColor": "#666666"
        },
        {
          "id": "element_003",
          "type": "shape",
          "chartType": "rectangle",
          "left": 350,
          "top": 350,
          "width": 100,
          "height": 5,
          "rotate": 0,
          "fill": "#409EFF",
          "viewBox": [200, 200]
        }
      ]
    },
    {
      "id": "slide_002",
      "elements": [
        {
          "id": "element_004",
          "type": "text",
          "content": "<p style='text-align: center; font-size: 40px; font-weight: bold;'>内容页</p>",
          "left": 100,
          "top": 50,
          "width": 600,
          "height": 60,
          "rotate": 0,
          "defaultFontName": "",
          "defaultColor": "#333333"
        },
        {
          "id": "element_005",
          "type": "text",
          "content": "<ul><li>第一项内容</li><li>第二项内容</li><li>第三项内容</li></ul>",
          "left": 100,
          "top": 150,
          "width": 600,
          "height": 200,
          "rotate": 0,
          "defaultFontName": "",
          "defaultColor": "#666666"
        }
      ]
    }
  ]
} 