[
  {
    "title": "大数据如何改变世界",
    "level": 1
  },
  {
    "title": "背景介绍",
    "level": 2
  },
  {
    "title": "问题陈述",
    "level": 2
  },
  {
    "title": "主要内容",
    "level": 1
  },
  {
    "title": "第一部分",
    "level": 2
  },
  {
    "title": "关键点1",
    "level": 3
  },
  {
    "title": "关键点2",
    "level": 3
  },
  {
    "title": "第二部分",
    "level": 2
  },
  {
    "title": "关键点1",
    "level": 3
  },
  {
    "title": "关键点2",
    "level": 3
  },
  {
    "title": "结论",
    "level": 1
  },
  {
    "title": "总结",
    "level": 2
  },
  {
    "title": "未来展望",
    "level": 2
  }
]