[
  {
    "type": "cover",
    "data": {
      "title": "7天瘦5斤！",
      "text": "懒人减肥食谱大公开"
    }
  },
  {
    "type": "content",
    "data": {
      "title": "周一：清肠日 🥗",
      "header": "减肥第一天要清肠排毒！选择低热量高纤维的食物，帮助身体排出多余水分和毒素，为后续减肥打好基础。",
      "items": [
        {
          "title": "早餐",
          "text": "🔥火龙果酸奶碗：半个红心火龙果+无糖酸奶200g，撒上奇亚籽增加饱腹感"
        },
        {
          "title": "午餐",
          "text": "🥦水煮菜大杂烩：西兰花/菠菜/蘑菇水煮后拌橄榄油，搭配一个水煮蛋补充蛋白质"
        },
        {
          "title": "晚餐",
          "text": "🍲冬瓜海带汤：冬瓜利尿消肿神器，海带富含膳食纤维"
        }
      ]
    }
  },
  {
    "type": "content",
    "data": {
      "title": "周二-周四：蛋白质日 🍗",
      "items": [
        {
          "title": "优质蛋白",
          "text": "鸡胸肉用料酒腌制去腥，三文鱼用柠檬汁去腻，豆腐补充植物蛋白。蛋白质日要保证每餐都有优质蛋白，帮助维持肌肉量！"
        },
        {
          "title": "万能蘸料",
          "text": "2勺生抽+1勺醋+小米辣+蒜末，这个蘸料配方万能又低卡，蘸什么都好吃还不胖，简直是减肥救星！"
        }
      ]
    }
  },
  {
    "type": "content",
    "data": {
      "title": "周五-周日：碳水循环日 🍠",
      "items": [
        {
          "title": "优质碳水",
          "text": "紫薯/玉米/燕麦片等优质碳水安排在早餐和午餐吃，既能满足身体需求又不会发胖。记得控制分量哦！"
        },
        {
          "title": "欺骗餐心机",
          "text": "周六中午可以吃想吃的，但份量控制在平时2/3。适当满足口腹之欲才能坚持更久，这是长期减肥的关键！"
        }
      ]
    }
  },
  {
    "type": "content",
    "data": {
      "title": "必备加餐小零食 🍅",
      "header": "减肥期间容易饿？这些低卡零食帮你度过饥饿时刻！选择正确的加餐既能解馋又不会影响减肥效果。",
      "items": [
        {
          "title": "坚果类",
          "text": "无糖杏仁10颗，富含健康脂肪"
        },
        {
          "title": "乳制品",
          "text": "低脂奶酪棒1根，补钙又饱腹"
        },
        {
          "title": "蔬果类",
          "text": "小番茄不限量，低卡又解馋"
        },
        {
          "title": "饮品",
          "text": "饿的时候来一杯黑咖啡，抑制食欲"
        }
      ]
    }
  },
  {
    "type": "content",
    "data": {
      "title": "血泪经验总结 💡",
      "items": [
        {
          "title": "多喝水",
          "text": "一定要多喝水！每天2L起步，水能促进新陈代谢，帮助排毒，还能缓解饥饿感。可以加柠檬片增加风味～"
        },
        {
          "title": "进食时间",
          "text": "晚上7点后不进食效果最好，给肠胃足够的休息时间。如果实在饿，可以喝杯温热的无糖豆浆。"
        },
        {
          "title": "运动建议",
          "text": "配合每天30分钟快走瘦更快，不用剧烈运动也能有效果。平台期可以试试轻断食，给身体一个重启的机会！"
        }
      ],
      "footer": "这个食谱我亲测有效！第一周就掉了3斤，配合运动效果更好～你们有什么私藏减肥食谱吗？评论区交换呀！"
    }
  },
  {
    "type": "end",
    "data": {
      "title": "谢谢观看",
      "content": "记得点赞收藏这篇减肥食谱攻略，下期我会分享我的居家运动攻略，教你在家也能高效燃脂！减肥路上我们一起加油，期待看到你们的蜕变～❤️"
    }
  }
]