[
  {
    "type": "cover",
    "data": {
      "title": "一年级就淘汰主次不分的家长，幼小衔接必看",
      "text": "科学规划一年级学习，助力孩子顺利过渡"
    }
  },
  {
    "type": "contents",
    "data": {
      "items": [
        "数学学习要点",
        "语文学习要点",
        "英语学习要点",
        "一年级学习安排",
        "期末复习重点"
      ]
    }
  },
  {
    "type": "transition",
    "data": {
      "title": "数学学习要点",
      "text": "夯实基础，培养思维"
    }
  },
  {
    "type": "content",
    "data": {
      "title": "数学学习重点",
      "items": [
        {
          "title": "狠抓计算能力",
          "text": "每天100道题，20以内不熟需系统提升，目标10分钟100题"
        },
        {
          "title": "回归课本知识点",
          "text": "重点：100以内加减法；难点：人民币和两步应用题"
        },
        {
          "title": "生活数学应用",
          "text": "时间、人民币、长度重量等实际应用"
        },
        {
          "title": "思维训练",
          "text": "使用《一上数学思维训练精选》培养逻辑能力"
        }
      ]
    }
  },
  {
    "type": "transition",
    "data": {
      "title": "语文学习要点",
      "text": "全面掌握，注重积累"
    }
  },
  {
    "type": "content",
    "data": {
      "title": "语文学习重点",
      "items": [
        {
          "title": "字词基础",
          "text": "听写课本三张表，重点掌握蓝色多音字"
        },
        {
          "title": "背诵默写",
          "text": "古诗词、小古文、日积月累等必须默写"
        },
        {
          "title": "拼音强化",
          "text": "掌握韵母、声母、整体认读音节，做到四会"
        },
        {
          "title": "句式练习",
          "text": "每周练习拟人句、比喻句等，使用《二上全册句子专项练习》"
        }
      ]
    }
  },
  {
    "type": "transition",
    "data": {
      "title": "英语学习要点",
      "text": "培养兴趣，打好基础"
    }
  },
  {
    "type": "content",
    "data": {
      "title": "英语学习重点",
      "items": [
        {
          "title": "字母与音标",
          "text": "26个字母会读会写，掌握音素和音标"
        },
        {
          "title": "情境学习",
          "text": "预习三年级知识，背诵let's talk"
        },
        {
          "title": "兴趣培养",
          "text": "观看《WOW English》《Blippi》等优质节目"
        },
        {
          "title": "阅读习惯",
          "text": "每天30分钟RAZ分级阅读"
        }
      ]
    }
  },
  {
    "type": "transition",
    "data": {
      "title": "一年级学习安排",
      "text": "科学规划，全面提升"
    }
  },
  {
    "type": "content",
    "data": {
      "title": "学习计划",
      "items": [
        {
          "title": "语文重点",
          "text": "一类字会写，二类字会认，背诵古诗词和重点片段"
        },
        {
          "title": "数学重点",
          "text": "口算能力，时钟、方位、数字运算、几何图形"
        },
        {
          "title": "英语重点",
          "text": "听力训练，原版动画，分级阅读，自然拼读"
        },
        {
          "title": "逻辑训练",
          "text": "分类、找规律、等量代换等思维训练"
        }
      ]
    }
  },
  {
    "type": "transition",
    "data": {
      "title": "期末复习重点",
      "text": "系统梳理，查漏补缺"
    }
  },
  {
    "type": "content",
    "data": {
      "title": "语文期末复习",
      "items": [
        {
          "title": "日积月累",
          "text": "古诗、名言警句必背"
        },
        {
          "title": "词语积累",
          "text": "数量词、又...又...、比喻句等专项"
        },
        {
          "title": "句式练习",
          "text": "扩词扩句、词语搭配、反义词近义词"
        },
        {
          "title": "易错题型",
          "text": "形近字、同音字组词专项"
        }
      ]
    }
  },
  {
    "type": "content",
    "data": {
      "title": "数学期末复习",
      "items": [
        {
          "title": "基础概念",
          "text": "最小/最大数、数位概念、加减法关系"
        },
        {
          "title": "计算应用",
          "text": "和差计算、人民币换算、数字规律"
        },
        {
          "title": "易错题型",
          "text": "排队问题、数数方法、相邻数等"
        },
        {
          "title": "综合训练",
          "text": "31个必背题型系统复习"
        }
      ]
    }
  },
  {
    "type": "end"
  }
]