{
  "requestId": "1744523008740",
  "timestamp": "2025-04-13T05:43:28.740Z",
  "systemPrompt": "你是一个生成PPT内容的专家。请严格按照以下JSON格式生成内容，不要添加额外的文本、注释或标记。格式如下：\n\n[\n  {\n    \"type\": \"cover\",\n    \"data\": {\n      \"title\": \"标题内容\",\n      \"text\": \"副标题内容\"\n    }\n  },\n  {\n    \"type\": \"contents\",\n    \"data\": {\n      \"items\": [\"目录项1\", \"目录项2\", \"目录项3\"]\n    }\n  },\n  {\n    \"type\": \"transition\",\n    \"data\": {\n      \"title\": \"章节标题\",\n      \"text\": \"章节简介\"\n    }\n  },\n  {\n    \"type\": \"content\",\n    \"data\": {\n      \"title\": \"页面标题\",\n      \"items\": [\n        {\n          \"title\": \"要点标题1\",\n          \"text\": \"要点内容1\"\n        },\n        {\n          \"title\": \"要点标题2\",\n          \"text\": \"要点内容2\"\n        }\n      ]\n    }\n  },\n  {\n    \"type\": \"end\"\n  }\n]\n\n请注意:\n1. 从\"cover\"开始，包含标题和副标题\n2. 然后是\"contents\"目录页，列出所有章节\n3. 每个章节以\"transition\"开始\n4. 内容页用\"content\"类型展示，每页4-5个要点\n5. 最后以\"end\"类型结束\n6. 内容要符合学术演示风格，清晰专业",
  "userPrompt": "请根据以下主题生成一个完整PPT的JSON数据，格式要与示例一致。主题: # 一年级就淘汰主次不分的家长，幼小衔接必看\n\n## 一、数学\n1. 一定要狠抓计算：计算是数学的基础，贯穿小学数学的始终。每天100道题，但要注意阶梯练习，如果孩子20以内还不熟，新学期就必须得做系统地提升，而且速度得做到10分钟100题（根据娃的情况调整时间）。\n2. 回归课本，抓重要知识点：一年级各版本教材都差不多，包含了三个模块的专题，总的来说可以分为一个重点两个难点：一个重点：100以内加减法两个难点：人民币和两步以上的应用题。\n3. 多感受生活中的数学。比如：时间问题，人民币、长度重量等。\n4. 适当安排思维训练题，让孩子的逻辑能力得到锻炼，培养出解决难题的能力，这一块可以直接用夏老师整理的《一上数学思维训练精选》。\n\n## 二、语文\n1. 听写课本后面的三张表，错的字词反复听写，识字表里的蓝色字体是必考多音字，需格外注意。\n2. 要求背诵的古诗词、小古文、语文园地日积月累等，要求背诵的课文都需要默写下来（一上背诵闯关表老师已经整理好）\n3. 一定要抓拼音！韵母(单韵母6个复韵母9个，前鼻音5个，后鼻音4个)声母(普通声母16个，翘舌音4个，平舌音3个)整体认读音节16个。做到四会:会认、会读、会写、会拼。\n4. 语文园地里面的口语交际、字词段运用都是考试重点，不仅要把原题做熟练，还要举一反三。\n5. 每周进行句式练习，包括拟人句、比喻句、反问句变陈述句等等，夏老师准备了《二上全册句子专项练习》。\n6. 多背好词好句，每周带娃练习不同情境的看图写话，考试时灵活运用。(《看图写话100篇》练习可以找我拿)\n\n## 三、英语\n1. 26个英语字母不仅要会读会写，还要掌握音素，也就是音标。每个字母有哪些读音，一定要掌握！！同时学习国际音标和自然拼读，为后期正式学习打好语音及拼写基础。\n2. 单个词汇机械记忆特别容易忘，所以可以让孩子提前预习三年级知识，把课本里的let's talk背下来，体验词汇放在句子里的使用情境，就能记得牢！\n3. 培养英语学习兴趣，推荐带孩子看一看《WOW English》《Blippi》，帮助孩子完成从“被动学”到“自发学”。\n4. 很多公立学习3年级才开始上英语，跟着学校的节奏来可能有点晚了，所以阅读兴趣要给孩子培养好，建议每天安排30分钟的raz的分级阅读。\n\n## 一年级学习安排\n### 语文\n1. 118页写字表中的一类字要求孩子必须会写，并且要把笔顺写准确。\n2. 115页识字表中的二类字要求孩子会认会读，并且要在去除拼音的情况下正确拼读\n3. 古诗词+语文园地日积月累+课文必背重点片段\n4. 拼音口诀拼读技巧，声母韵母复韵母要分清楚\n5. 119页笔画名称+课后题仿写练习\n\n### 数学\n1. 锻炼口算能力：限时口算要求精准度和速度\n2. 掌握课本重点内容：\n   - 认识时钟：读取时间，时针和分针区别\n   - 基本方位：理解并区分上、下、前、后、左、右的基本概念\n   - 数字的认识与运算：认识1-10和基本加减\n   - 基本几何图形：了解基本特征\n3. 逻辑训练：\n   - 分类：大小、多少、长短、高低等\n   - 找规律：数字、图形、颜色\n   - 等量代换\n\n### 英语\n1. 听：儿歌SSS，绘本和分级读物原版音频\n2. 看：原版动画片磨耳朵，新概念动画片\n3. 读绘本：推荐廖彩杏书单\n4. 刷分级读物：选一套(RAZ、牛津、海尼曼、红火箭)\n5. 说：家长跟孩子说简单的日常用语，绘本、分级读物跟读\n6. 学习自然拼读至少积累1000+听力词汇，最好达到3000自然拼读教材可以用牛津自然拼读oxford Phonics World\n\n## 一年级语文期末复习内容总结\n### 一：日积月累（★期末必备，重点必备★）\n#### （1）古诗：\n1. 鹅，鹅，鹅，曲项向天歌。白毛浮绿水，红掌拨清波。《咏鹅》\n2. 远看山有色，近听水无声。春去花还在，人来鸟不惊。《画》\n3. 锄禾日当午，汗滴禾下土。谁知盘中餐，粒粒皆辛苦。《悯农》\n4. 小时不识月，呼作白玉盘。又疑瑶台镜，飞在青云端。《古朗月行》\n#### （2）名言警句：\n1. 种瓜得瓜，种豆得豆。\n2. 千里之行，始于足下。\n3. 前人栽树，后人乘凉。\n4. 百尺竿头，更进一步。\n5. 一年之计在于春，一日之计在于晨。\n6. 一寸光阴一寸金，寸金难买寸光阴。\n\n### 二：词语积累（重点必考★）\n#### （1）数量词\n一（条）鱼 一（条）路 一（条）毛巾 一（张）纸 一（条）小河 一（条）尾巴 一（道）彩虹 一（所）学校 一（座）桥 一（座）山 一（座）房 一（口）牙 一（座）城市 一（座）天安门 一（只）猫 一（辆）车 一（只）猴子 一（只）鹅 一（只）耳朵 一（件）衣服 一（块）田 一（块）面包 一（块）草地 一（匹）马 一（块）西瓜 一（本）书 一（本）作业本 一（头）牛 一（朵）白云 一（朵）花 一（片）叶子 一（把）扇子 一（片）风光 一（双）手 一（双）耳朵 一（把）尺子\n#### （2）又…又…\n绳子又细又长 西瓜又大又圆 大海又宽又远 房子又高又大 星星又多又亮 白杨树又高又大 弟弟又白又胖 果子又多又好\n#### （3）…像…（比喻句）\n弯弯的月儿像小船。 红红的脸蛋像苹果。 蓝蓝的天空像大海。 闪闪的星星像眼睛。 弯弯的月儿像弯刀。 闪闪的星星像宝石。 红红的太阳像火球。 静静的湖面像镜子。 白白的面粉像雪花。\n#### （4）…的…\n1. 圆圆的—（月亮、太阳、皮球）\n2. 大大的—（房子、眼睛、西瓜）\n3. 弯弯的—（小路、小河、彩虹）\n4. 蓝蓝的—（天空、大海、画纸）\n5. 小小的—（花朵、玩具、虫子）\n6. 闪闪的—（宝石、星星、泪光）\n#### （5）句子\n1. 雨点儿从云彩里飘落下来。\n2. 小松鼠从树上跳下来。\n3. 树叶从树上落下来。\n4. 小草从土里钻出来。\n5. 白云在天上飘来飘去。\n6. 小鸟在天上飞来飞去。\n7. 鱼儿在水里游来游去。\n8. 小牛在田里走来走去。\n9. 明明从屋里跑出来。\n10. 雪花从天上落下来。\n11. 北京是我国的首都。\n12. 五星红旗是我国的国旗。\n#### （6）扩词，扩句\n束（一束束）一束束美丽的鲜花 棵（一棵棵）一棵棵高大的松树 个（一个个）一个个红红的苹果 只（一只只）一只只可爱的小兔 排（一排排）一排排高大的树 颗（一颗颗）一颗颗闪闪的星星 朵（一朵朵）一朵朵美丽的鲜花 座（一座座）一座座漂亮的房子 条（一条条）一条条长长的河 片（一片片）一片片金黄的树叶\n#### （7）词语\n1. AABB形式的词语：\n高高兴兴 许许多多 多多少少 开开心心 漂漂亮亮 大大小小 前前后后 红红火火 大大方方 日日夜夜 上上下下 前前后后 干干净净 来来往往 进进出出 开开心心 明明白白 认认真真 左左右右 口口声声 风风火火 风风雨雨 千千万万 山山水水\n2. ABAB形式的词语：\n火红火红 碧绿碧绿 乌黑乌黑 雪白雪白 开心开心 打扫打扫 活动活动 学习学习 练习练习\n3. ABCC形式的词语：\n白发苍苍 秋风习习 北风呼呼 得意洋洋 金光闪闪\n4. ABB形式的词语：\n大大的 小小的 高高的 白白的 红红的 尖尖的 干巴巴 长长的 闪闪的 清清的 青青的 绿绿的 细细的 水灵灵 远远的 圆圆的 方方的 绿油油 胖乎乎 白花花 水汪汪\n#### （8）词语搭配\n弯弯的月儿 高高的树 白白的云 彩色的项链 快活的小鸟 小小的船 尖尖的草芽 绿绿的草 长长的尾巴 闪闪的星星 圆圆的荷叶 黄黄的沙滩 金色的沙子 蓝蓝的天 弯弯的谷穗\n#### （9）反义词\n东--西 反--正 开--关 南--北 来--去 远--近 粗--细 冷--热 上--下 大--小 黑--白 早--晚 男--女 古--今 老--少 前--后 快--慢 多--少 出--入 左--右 有--无 高--低 笑--哭 天--地 长--短 好--坏 里--外 水--火\n#### （10）近义词\n看--望 全--都 闭--合 无--没 明--亮 黑--乌 天亮--天明 洁白--纯白 快乐--开心 朋友--伙伴 拿起--捡起 小心--仔细\n#### （11）组词。(形近字和同音字)\n么（什么） 无（无法） 高（高兴） 跟（跟着）\n公（公共） 元（一元） 亮（明亮） 很（很好）\n问（问好） 各（各种） 气（生气） 千（一千）\n间（时间） 名（名字） 汽（汽水） 干（干净）\n桃（桃子） 对（对面） 象（大象） 找（找到）\n跳（跳高） 队（大队） 像（好像） 我（我的）\n\n## 一年级数学易错题总结\n### （幼升小暑假必背 31个题型）\n1. 最小的自然数是（0）\n2. 最小的一位数是（1）\n3. 最小的两位数是（10）\n4. 最小的三位数是（100）\n5. 最大的一位数是（9）\n6. 最大的两位数是（99）\n7. 最大的一位数和最小的两位数的和是（19）\n8. 最大的一位数和最大的两位数的差是（90）\n9. 最大的两位数和最小的两位数的差是（89）\n10. 一个加数是5,另一个加数是37,和是（42）\n11. 减数是7, 被减数是36,差是（29）\n12. 个位是8的两位数有(9)个，十位是8的两位数有(10)个\n13. 10里面有(10)个一，10个(一)是10 ；100里面有(10)个十，10个(十)是100\n14. 35到43之间有(7)个数\n15. 从30数到40,一共数了（11）个数\n16. 比35少6的数是（29），比58多7的数是（65）\n17. 43减1得出来的数的个位数是（2）\n18. 与80相邻的两个数是(79)和(81)\n19. 一个两位数，个位是5，十位上的数比个位上的数大3,这个两位数是（85）\n20. 13里面有(1)个十和(3)个一，这个数在(12)和(14)的中间\n21. 排队放学时,小明前面有6个人,后面有8个人，这一队一共有(15)人\n22. 两个两个的数,从5数到13,数了(5)个数\n23. 在14-5=9中,14是(被减数),5是(减数),9是(差)\n24. 从左往右数小明是第5个，从右往左数小明是第7个，一共有(11)人\n25. 20的十位上是(2),个位上是(0)\n26. 个位是5,十位是7的两位数是（75）\n27. 七十三写作:（73），100读作:(一百)\n28. 一个数加30得56,这个数是（26）\n29. 3元2角=（32）角，67角=(6)元(7)角\n30. 一个数个位上是7,十位上是5,这个数是（57）\n31. 一个数由3个十和6个一组成，这个数是（36）.读作（三十六）和它相邻的两个数是（35）和（37） ",
  "model": "ep-20250411144626-zx55l",
  "options": {
    "temperature": 0.7,
    "max_tokens": 4000
  }
}