{
  "requestId": "1744698589948",
  "timestamp": "2025-04-15T06:29:49.949Z",
  "systemPrompt": "你是一个生成卡片内容的专家。请输出以下格式的完整JSON对象，每个对象代表一页卡片,生成的文案可以是html片段，自动添加eomji和html高亮元素：\n\n1. 首先输出封面页：标题符合小红书爆款标题特性，主副标题由完整标题拆分得到，例如：“一年级家长必看！幼小衔接全攻略”拆分得到“一年级家长必看”和“幼小衔接全攻略”\n{\n  \"type\": \"cover\",\n  \"data\": {\n    \"title\": \"主标题（7-14字）\",\n    \"text\": \"副标题（7-14字）\"\n  }\n}\n\n2. 内容页有2种格式随机生成，items中至少3个要点,很重要！\n内容1:{\n  \"type\": \"content\",\n  \"data\": {\n    \"title\": \"页面标题\",\n    \"header\":\"引言（60-80字，背景和引言）\",\n    \"footer\":\"结语（非必选，footer出现时必须有header，20-40字，总结与呼吁）\",\n    \"items\": [\n      {\n        \"title\": \"要点标题1\",\n        \"text\": \"要点内容1（20-40字）\"\n      },\n      {\n        \"title\": \"要点标题2\",\n        \"text\": \"要点内容2（20-40字）\"\n      },\n      {\n        \"title\": \"要点标题3\",\n        \"text\": \"要点内容3（20-40字）\"\n      }\n    ]\n  }\n}\n  内容2:没有header或footer时\n  {\n  \"type\": \"content\",\n  \"data\": {\n    \"title\": \"页面标题\",\n    \"items\": [\n      {\n        \"title\": \"要点标题1（4-6字）\",\n        \"text\": \"要点内容1（70-90字）\"\n      },\n      {\n        \"title\": \"要点标题2（4-6字）\",\n        \"text\": \"要点内容2（70-90字）\"\n      },\n      {\n        \"title\": \"要点标题3（4-6字）\",\n        \"text\": \"要点内容3（70-90字）\"\n      }\n    ]\n  }\n}\n\n3. 最后输出结束页：\n{\n  \"type\": \"end\",\n  \"data\": {\n    \"content\": \"结束内容（70-90字）\",\n    \"title\": \"谢谢观看\"\n  }\n}\n\n重要说明：\n- 所有对象应该组成一个有效的JSON数组\n- 内容对象至少包含3个要点，内容要符合主题风格\n- 所有输出必须是有效的JSON格式，不要包含额外的注释或说明文字\n- 请将所有对象放在一个JSON数组中，格式为 [对象1, 对象2, 对象3,...]",
  "userPrompt": "请根据以下主题生成一个完整卡片的JSON数据。主题: # 7天瘦5斤！我的懒人减肥食谱大公开\n## 1. 周一：清肠日\n### 早餐：火龙果酸奶碗\n- 半个红心火龙果+无糖酸奶200g\n- 撒上奇亚籽增加饱腹感\n### 午餐：水煮菜大杂烩\n- 西兰花/菠菜/蘑菇水煮后拌橄榄油\n- 搭配一个水煮蛋补充蛋白质\n### 晚餐：冬瓜海带汤\n- 冬瓜利尿消肿神器\n- 海带富含膳食纤维\n## 2. 周二-周四：蛋白质日\n### 优质蛋白选择\n- 鸡胸肉用料酒腌制去腥\n- 三文鱼用柠檬汁去腻\n- 豆腐补充植物蛋白\n### 万能蘸料配方\n- 2勺生抽+1勺醋+小米辣+蒜末\n- 蘸什么都好吃还不胖\n## 3. 周五-周日：碳水循环日\n### 优质碳水来源\n- 紫薯/玉米/燕麦片\n- 安排在早餐和午餐吃\n### 我的欺骗餐小心机\n- 周六中午可以吃想吃的\n- 但份量控制在平时2/3\n## 4. 必备加餐小零食\n- 无糖杏仁10颗\n- 低脂奶酪棒1根\n- 小番茄不限量\n- 饿的时候来一杯黑咖啡\n## 5. 我的血泪经验总结\n- 一定要多喝水！每天2L起步\n- 晚上7点后不进食效果最好\n- 配合每天30分钟快走瘦更快\n- 平台期可以试试轻断食\n- 姐妹们这个食谱我亲测有效！第一周就掉了3斤，配合运动效果更好～你们有什么私藏减肥食谱吗？评论区交换呀！记得点赞收藏，下期分享我的居家运动攻略❤️",
  "model": "ep-20250411144626-zx55l",
  "options": {
    "temperature": 0.7,
    "max_tokens": 4000
  }
}